,train_losses,valid_losses,rms_train_valid_test
0,1.8769104480743408,0.735639750957489,{'rms_score': 0.6364504759316347}
1,1.3175115585327148,0.8938312530517578,{'rms_score': 0.018964780880632307}
2,1.1403416395187378,0.8645398616790771,{'rms_score': 1.1647827830490096}
