,train_losses,valid_losses,rms_train_valid_test
0,1.3443852663040161,0.9489281177520752,{'rms_score': 0.5859300021955347}
1,1.0086660385131836,0.8100537657737732,{'rms_score': 0.01481616881232347}
2,0.8557245135307312,0.6735425591468811,{'rms_score': 1.4320515679339136}
