Dataset_size,times(sec)
500,24.82364345
1000,29.27127576
5000,111.6014848
7000,147.2158833
10000,209.4733899
15000,284.2854633
