,ds_size,times(sec)
0,500,822.7549593
1,1000,1620.301457
2,5000,7721.722048
3,7000,10514.61061
4,10000,15493.25206
5,15000,23108.83211
